Label;Value;Part Type;mn;mpn;part number;
+;;Generic female header - 1 pins;;;;
+;;Generic female header - 1 pins;;;;
-;;Generic female header - 1 pins;;;;
-;;Generic female header - 1 pins;;;;
3.3V;;Generic female header - 1 pins;;;;
5v;;Generic female header - 1 pins;;;;
5V;;Generic female header - 1 pins;;;;
A2;;Raspberry Pi Zero;;;;
AMP1;;PAM8403 6W Stereo Amplifier;;;;
C8;10nF;Ceramic Capacitor;;;;
C9;10nF;Ceramic Capacitor;;;;
C10;1µF;Electrolytic Capacitor;;;;
C11;1µF;Electrolytic Capacitor;;;;
C12;100nF;Ceramic Capacitor;;;;
C13;1µF;Electrolytic Capacitor;;;;
CI;;Generic female header - 1 pins;;;;
DI;;Generic female header - 1 pins;;;;
GND;;Generic female header - 1 pins;;;;
GND;;Generic female header - 1 pins;;;;
gnd;;Generic female header - 1 pins;;;;
GND;;Generic female header - 1 pins;;;;
J1;;Generic female header - 20 pins;;;;
J2;;Generic female header - 20 pins;;;;
Left;;Generic female header - 1 pins;;;;
PR1;;Photocell (LDR);;;;
pr1;;Generic female header - 1 pins;;;;
pr1;;Generic female header - 1 pins;;;;
R8;270Ω;270Ω Resistor;;;;
R9;270Ω;270Ω Resistor;;;;
R10;150Ω;150Ω Resistor;;;;
R11;150Ω;150Ω Resistor;;;;
R12;10kΩ;10kΩ Resistor;;;;
R13;1kΩ;1kΩ Resistor;;;;
Right;;Generic female header - 1 pins;;;;
SCK;;Generic female header - 1 pins;;;;
SDA;;Generic female header - 1 pins;;;;
snooze;;Generic female header - 1 pins;;;;
snooze;;Generic female header - 1 pins;;;;
spk +;;Generic female header - 1 pins;;;;
spk +;;Generic female header - 1 pins;;;;
spk -;;Generic female header - 1 pins;;;;
spk -;;Generic female header - 1 pins;;;;

Amount;Value;Part Type;mn;mpn;part number;
1;100nF;Ceramic Capacitor;;;;
1;10kΩ;10kΩ Resistor;;;;
2;10nF;Ceramic Capacitor;;;;
2;150Ω;150Ω Resistor;;;;
1;1kΩ;1kΩ Resistor;;;;
3;1µF;Electrolytic Capacitor;;;;
2;270Ω;270Ω Resistor;;;;
25;;Generic female header - 1 pins;;;;
2;;Generic female header - 20 pins;;;;
1;;PAM8403 6W Stereo Amplifier;;;;
1;;Photocell (LDR);;;;
1;;Raspberry Pi Zero;;;;
