Label;Part Type;mn;mpn;part number
+;Generic female header - 1 pins;;;
+;Generic female header - 1 pins;;;
-;Generic female header - 1 pins;;;
-;Generic female header - 1 pins;;;
5v;Generic female header - 1 pins;;;
C8;Ceramic Capacitor;;;
C9;Ceramic Capacitor;;;
C10;Electrolytic Capacitor;;;
C11;Electrolytic Capacitor;;;
C12;Ceramic Capacitor;;;
C13;Electrolytic Capacitor;;;
GND;Generic female header - 1 pins;;;
gnd;Generic female header - 1 pins;;;
GND;Generic female header - 1 pins;;;
J1;Generic female header - 20 pins;;;
J2;Generic female header - 20 pins;;;
L spk;Loudspeaker;;;
Left;Generic female header - 1 pins;;;
PR1;Photocell (LDR);;;
pr1;Generic female header - 1 pins;;;
pr1;Generic female header - 1 pins;;;
R spk;Loudspeaker;;;
R8;270Ω Resistor;;;
R9;270Ω Resistor;;;
R10;150Ω Resistor;;;
R11;150Ω Resistor;;;
R12;10kΩ Resistor;;;
R13;1kΩ Resistor;;;
Right;Generic female header - 1 pins;;;
SCK;Generic female header - 1 pins;;;
SDA;Generic female header - 1 pins;;;
snooze;Generic female header - 1 pins;;;
snooze;Generic female header - 1 pins;;;
VDD;Generic female header - 1 pins;;;
;;;;
Amount;Part Type;mn;mpn;part number
1;10kΩ Resistor;;;
2;150Ω Resistor;;;
1;1kΩ Resistor;;;
2;270Ω Resistor;;;
3;Ceramic Capacitor;;;
3;Electrolytic Capacitor;;;
17;Generic female header - 1 pins;;;
2;Generic female header - 20 pins;;;
2;Loudspeaker;;;
1;Photocell (LDR);;;
